Name and description, ID, tmh start location, tmh end location, tmh length, full protein sequence, tmh sequence, N flank sequence, C flank sequence, Hydrophobicity of TMH, Hydrophobicity of TMH and flanks, Disorder of TMH, Disorder of TMH and flanks,  
RecName: Full=Protein transport protein BOS1; AltName: Full=Bet one suppressor 1;,P25385,223,240,17,MNALYNHAVKQKNQLQQELARFEKNSVTAPISLQGSISATLVSLEKTVKQYAEHLNRYKEDTNAEEIDPKFANRLATLTQDLHDFTAKFKDLKQSYNENNSRTQLFGSGASHVMDSDNPFSTSETIMNKRNVGGASANGKEGSSNGGGLPLYQGLQKEQSVFERGNAQLDYILEMGQQSFENIVEQNKILSKVQDRMSNGLRTLGVSEQTITSINKRVFKDKLVFWIALILLIIGIYYVLKWLR,LVFWIALILLIIGIYYVL,FKDK,KWLR,2.811111111111111,1.407692307692308,-0.29363833333333333,-0.2439076923076923,
RecName: Full=Dolichol-phosphate mannosyltransferase; EC=2.4.1.83; AltName: Full=Dolichol-phosphate mannose synthase; Short=DPM synthase; AltName: Full=Dolichyl-phosphate beta-D-mannosyltransferase; AltName: Full=Mannose-P-dolichol synthase; Short=MPD synthase;,P14020,239,259,20,MSIEYSVIVPAYHEKLNIKPLTTRLFAGMSPEMAKKTELIFVDDNSQDGSVEEVDALAHQGYNVRIIVRTNERGLSSAVLKGFYEAKGQYLVCMDADLQHPPETVPKLFESLHDHAFTLGTRYAPGVGIDKDWPMYRRVISSTARMMARPLTIASDPMSGFFGLQKKYLENCNPRDINSQGFKIALELLAKLPLPRDPRVAIGEVPFTFGVRTEGESKLSGKVIIQYLQQLKELYVFKFGANNLILFITFWSILFFYVCYQLYHLVF,FGANNLILFITFWSILFFYVC,YVFK,YQLYH,1.7285714285714289,1.0866666666666664,-0.16558809523809523,-0.1779516666666667,
RecName: Full=Golgi SNAP receptor complex member 1; AltName: Full=Golgi SNARE protein 1; AltName: Full=Protein transport protein GOS1;,P38736,205,222,17,MSSQPSFVTIRGKAISLETQTESLLSKYSTFAQTTSSEQTGQEKKIDKQLEGILGQRQDVIDSLTQICDSNPAISASKLSQLHRHKEILQDHWKSFRNIRSSIQQERNRLNLLFSVKNDIANSTTDAPAPIGDADEYIQNETRRIDQSNNVVDRLISQAWETRSQFHSQSNVLNTANNKVLQTLQRIPGVNQLIMKINTRRKKNAFVLATITTLCILFLFFTW,AFVLATITTLCILFLFFT,RKKN,W,2.383333333333333,1.1391304347826086,-0.22152055555555555,-0.19033173913043477,
RecName: Full=Mitochondrial Rho GTPase 1; EC=3.6.5.-; AltName: Full=GTPase EF-hand protein of mitochondria 1;,P39722,635,655,20,MTKETIRVVICGDEGVGKSSLIVSLTKAEFIPTIQDVLPPISIPRDFSSSPTYSPKNTVLIDTSDSDLIALDHELKSADVIWLVYCDHESYDHVSLFWLPHFRSLGLNIPVILCKNKCDSISNVNANAMVVSENSDDDIDTKVEDEEFIPILMEFKEIDTCIKTSAKTQFDLNQAFYLCQRAITHPISPLFDAMVGELKPLAVMALKRIFLLSDLNQDSYLDDNEILGLQKKCFNKSIDVNELNFIKDLLLDISKHDQEYINRKLYVPGKGITKDGFLVLNKIYAERGRHETTWAILRTFHYTDSLCINDKILHPRLVVPDTSSVELSPKGYRFLVDIFLKFDIDNDGGLNNQELHRLFKCTPGLPKLWTSTNFPFSTVVNNKGCITLQGWLAQWSMTTFLNYSTTTAYLVYFGFQEDARLALQVTKPRKMRRRSGKLYRSNINDRKVFNCFVIGKPCCGKSSLLEAFLGRSFSEEYSPTIKPRIAVNSLELKGGKQYYLILQELGEQEYAILENKDKLKECDVICLTYDSSDPESFSYLVSLLDKFTHLQDLPLVFVASKADLDKQQQRCQIQPDELADELFVNHPLHISSRWLSSLNELFIKITEAALDPGKNTPGLPEETAAKDVDYRQTALIFGSTVGFVALCSFTLMKLFKSSKFSK,LIFGSTVGFVALCSFTLMKLF,RQTA,KSSKF,1.7999999999999996,0.81,-0.1372047619047619,-0.121274,
RecName: Full=Protein CASP;,P34237,615,635,20,MDTSVYSHALDIWAKADLTNLQRELDADVIEIKDKETLSLNSRKSLATETKKFKKLEPEEKLNNVNKIIKQYQREIDNLTQRSKFSEKVLFDVYEKLSEAPDPQPLLQSSLEKLGKIDDSKELKEKISYLEDKLAKYADYETLKSRLLDLEQSSAKTLAKRLTAKTQEINSTWEEKGRNWKEREADLLKQLTNVQEQNKALEAKISKNIDIEGNGNEDGDQENNQKEVSTRIAEYNLVTQELETTQARIYQLEKRNEELSGALAKATSEAEKETELHAKELKLNQLESENALLSASYEQERKSTSHAINELKEQLNSVVAESESYKSELETVRRKLNNYSDYNKIKEELSALKKIEFGVNEDDSDNDIRSEDKNDNTFESSLLSANKKLQATLAEYRSKSTAQEEERNELKKSVDQLKQQIATLKEANEKLETDLEKVENVSPHFNETASMMSGVTRQMNNRTSHKMSPTSSIIGIPEDGELSGNQSTILPIVTKQRDRFRSRNMDLEKQLRQGNSEKGKLKLEISKLKGDNTKLYERIRYLQSYNNNNAPVNQSTERIDVESQYSRVYDESLHPMANFRQNELNHYKNKKLSALEKLFSSFAKVILQNKMTRMVFLFYCIGLHGLVFMMSMYVINISGYMTPEVGIVQSAKSSSNLNGGLGGAEKVAAGVGSVHGINR,VFLFYCIGLHGLVFMMSMYVI,MTRM,NISGY,2.00952380952381,1.3099999999999998,-0.1806319047619048,-0.14121766666666666,
RecName: Full=Protein transport protein BET1; AltName: Full=Suppressor of loss of YPT1 protein 12; Short=Protein SLY12;,P22804,118,141,23,MSSRFAGGNAYQRDTGRTQLFGPADGSNSLDDNVSSALGSTDKLDYSQSTLASLESQSEEQMGAMGQRIKALKSLSLKMGDEIRGSNQTIDQLGDTFHNTSVKLKRTFGNMMEMARRSGISIKTWLIIFFMVGVLFFWVWIT,SGISIKTWLIIFFMVGVLFFWVWI,MARR,T,1.9208333333333334,1.382758620689655,-0.19762125,-0.19222931034482763,
RecName: Full=Factor arrest protein 10;,Q06001,455,475,20,MTGPGPEINKEEHPSSPGKKQITYNSIPKNANLIDGSTNSSKRPIEKYDKRIADPTKSYFPHSISRTPRRKYTYILVLTSLNGTFESKHVVIPFKPDGLKLGRPVANSNSSSSSSLRGGKRVDSHTFSQVRSDNGNFDSRVLSRNHALLSCDPLTGKVYIRDLKSSNGTFINGQRIGSNDVEIKVGDVIDLGTDIDTKIEHRKISATVEELFVQPLLESPIFENEDSDDCHTITEKEEAAAITSHIYGDSNNLELEEVILGSDTEILSGIFINNCIGTSPTLSNIIKTLAMEIPFSKCDNFKLQSMENFLINYTTHLEYTNKLLVEKNDQQLVKLQNGLRRKLSGKYEKIIEQNRNQVKQLERDHMFFKKSFEVKKRRNNEKQKSMEREIEDLKTRLEVERYKNSQMMKKNKQKEQELSTASKKKTTEHDTRGVPGMNPKGTDKFSIKNTLCNHFTLLTFGTISIGIIAIVFKILSPN,FTLLTFGTISIGIIAIVFKIL,LCNH,SPN,2.1523809523809523,1.389285714285714,-0.18741761904761903,-0.1119675,
RecName: Full=Heme-binding protein HMX1;,P32339,290,310,20,MEDSSNTIIPSPTDVGALANRINFQTRDAHNKINTFMGIKMAIAMRHGFIYRQGILAYYYVFDAIEQEIDRLLNDPVTEEELQTSTILKQFWLEDFRRSTQIYKDLKLLYSNTFKSTESLNEFLATFQKPPLLQQFINNIHENIHKEPCTILSYCHVLYLALFAGGKLIRSNLYRRLGLFPNFEKLSQKELVKKGTNFFTFSDLGPTEETRLKWEYKKNYELATRTELTEAQKLQIISVAEGIFDWNFNIVAEIGELNRRELMGKFSFKCITYLYEEWMFNKDSATRRALHTVMLLVLSIIAIWVLYFLVKSFLSIV,LHTVMLLVLSIIAIWVLYFLV,TRRA,KSFLS,2.5095238095238095,1.5299999999999998,-0.27868476190476194,-0.22786833333333334,
RecName: Full=DnaJ-like chaperone JEM1; AltName: Full=DnaJ-like protein of the ER membrane 1; Flags: Precursor;,P40358,191,211,20,MILISGYCLLVYSVILPVLISASKLCDLAELQRLNKNLKVDTESLPKYQWIAGQLEQNCMTADPASENMSDVIQLANQIYYKIGLIQLSNDQHLRAINTFEKIVFNETYKGSFGKLAEKRLQELYVDFGMWDKVHQKDDQYAKYLSLNETIRNKISSKDVSVEEDISELLRITPYDVNVLSTHIDVLFHKLAEEIDVSLAAAIILDYETILDKHLASLSIDTRLSIHYVISVLQTFVLNSDASFNIRKCLSIDMDYDKCKKLSLTISKLNKVNPSKRQILDPATYAFENKKFRSWDRIIEFYLKDKKPFITPMKILNKDTNFKNNYFFLEEIIKQLIEDVQLSRPLAKNLFEDPPITDGFVKPKSYYHTDYLVYIDSILCQASSMSPDVKRAKLAAPFCKKSLRHSLTLETWKHYQDAKSEQKPLPETVLSDVWNSNPHLLMYMVNSILNKSRSKPHSQFKKQLYDQINKFFQDNGLSESTNPYVMKNFRLLQKQLQTYKEHKHRNFNQQYFQQQQQQQQHQRHQAPPAAPNYDPKKDYYKILGVSPSASSKEIRKAYLNLTKKYHPDKIKANHNDKQESIHETMSQINEAYETLSDDDKRKEYDLSRSNPRRNTFPQGPRQNNMFKNPGSGFPFGNGFKMNFGL,LAEEIDVSLAAAIILDYETIL,LFHK,DKHLA,1.1571428571428573,0.6266666666666668,-0.22321809523809527,-0.1941846666666667,
RecName: Full=Vesicle-associated membrane protein-associated protein SCS2; Short=VAMP-associated protein SCS2; AltName: Full=Choline sensitivity suppressor protein 2; AltName: Full=VAP homolog 1;,P40075,223,243,20,MSAVEISPDVLVYKSPLTEQSTEYASISNNSDQTIAFKVKTTAPKFYCVRPNAAVVAPGETIQVQVIFLGLTEEPAADFKCRDKFLVITLPSPYDLNGKAVADVWSDLEAEFKQQAISKKIKVKYLISPDVHPAQNQNIQENKETVEPVVQDSEPKEVPAVVNEKEVPAEPETQPPVQVKKEEVPPVVQKTVPHENEKQTSNSTPAPQNQIKEAATVPAENESSSMGIFILVALLILVLGWFYR,SSSMGIFILVALLILVLGWFY,AENE,R,2.1333333333333333,1.2153846153846155,-0.182052380952381,-0.1707969230769231,
RecName: Full=Protein transport protein SFT1; AltName: Full=P14;,P43682,75,94,19,MSNSRYSQTESNNDRKLEGLANKLATFRNINQEIGDRAVSDSSVINQMTDSLGSMFTDIKNSSSRLTRSLKAGNSIWRMVGLALLIFFILYTLFKLF,SIWRMVGLALLIFFILYTLF,KAGN,KLF,2.01,1.3666666666666667,-0.2274595,-0.18189962962962963,
RecName: Full=Vesicle-associated membrane protein-associated protein SCS22; Short=VAMP-associated protein SCS22; AltName: Full=VAP homolog 2;,Q6Q595,155,175,20,MRIVPEKLVFKAPLNKQSTEYIKLENDGEKRVIFKVRTSAPTKYCVRPNVAIIGAHESVNVQIVFLGLPKSTADDEMDQKRDKFLIVTLPIPAAYQNVEDGELLSDWPNLEEQYKDDIVFKKIKIFHSVLPKRKPSGNHDAESARAPSAGNGQSLSSRALLIITVIALLVGWIYY,LSSRALLIITVIALLVGWIYY,NGQS,,1.823809523809524,1.204,-0.22767476190476196,-0.166514,
RecName: Full=Integral membrane protein SED5;,Q01590,320,340,20,MNIKDRTSEFQQSVLSYKKRNKNFREQQRERLQEKESENFANNTTGNGKSVSEFQKKASGIAHEISSTAQLLSKLAVLAKRKPMFNDNPVEIAELSFLIKRKIYAIEQSLVQLSQLKKTDVNGNTSNQSSKQPSAVQHSKNVVNLLNTQMKNISGSFKDVLEERQRLEMANKDRWQKLTTDTGHAPADDQTQSNHAADLTTYNNSNPFMTSLLDESSEKNNNSSNQGELSFPQNDSQLMLMEEGQLSNNVYLQERNRAVETIESTIQEVGNLFQQLASMVQEQGEVIQRIDANVDDIDLNISGAQRELLKYFDRIKSNRWLAAKVFFIIFVFFVIWVLVN,WLAAKVFFIIFVFFVIWVLVN,KSNR,,2.404761904761905,1.5119999999999998,-0.28006523809523814,-0.23141119999999998,
RecName: Full=Protein transport protein SEC20;,P28791,276,292,16,MVVTFLQDLEVLQDALLNNLQKLSAISRRKESGESKHDNKDSFAAIANEHNDEEEEIEFEDLVNIIESKVSDFESVLKCSIVEMTYKYPELKLQWEKSPRYDQCDKLHIVKLDKQMNEDIYAQLVEELDFVLQFVDWFYCYRLKVKEILRQHHKRDLAWNDEKRDRAIKFHAVDYDKLHQGTSSSSSLTSTSMEKASTREKLLSKTKQLTNNLVRGNQILQSGILQSDLNLDELRAQTNSLTQIDDKYTQFETVFKKTADLVKVLENASHQEKRDVYLSLGFLLCCVSWVLWRRIFKLPVKLGLWLLFKFFKGILVTLGLVKSYAGSSSSLQAPSLVLNAPILATTTTSSATSVEPFASVSAVSSIQRAVDEAVDRIVSHDEL,VYLSLGFLLCCVSWVLW,EKRD,RRIFK,2.01764705882353,0.5115384615384614,-0.18113764705882354,-0.1705446153846154,
RecName: Full=Protein transport protein SEC22; AltName: Full=Suppressor of loss of YPT1 protein 2;,P22214,193,213,20,MIKSTLIYREDGLPLCTSVDNENDPSLFEQKQKVKIVVSRLTPQSATEATLESGSFEIHYLKKSMVYYFVICESGYPRNLAFSYLNDIAQEFEHSFANEYPKPTVRPYQFVNFDNFLQMTKKSYSDKKVQDNLDQLNQELVGVKQIMSKNIEDLLYRGDSLDKMSDMSSSLKETSKRYRKSAQKINFDLLISQYAPIVIVAFFFVFLFWWIFLK,QYAPIVIVAFFFVFLFWWIFL,LLIS,K,2.1857142857142855,2.0500000000000003,-0.2527261904761905,-0.24471384615384617,
RecName: Full=Synaptobrevin homolog 2;,P33328,94,112,18,MSSSVPYDPYVPPEESNSGANPNSQNKTAALRQEIDDTVGIMRDNINKVAERGERLTSIEDKADNLAISAQGFKRGANRVRKQMWWKDLKMRMCLFLVVIILLVVIIVPIVVHFS,CLFLVVIILLVVIIVPIVV,KMRM,HFS,3.7263157894736842,2.5,-0.30813578947368425,-0.25642192307692313,
RecName: Full=Synaptobrevin homolog 1;,P31109,95,111,16,MSSSTPFDPYALSEHDEERPQNVQSKSRTAELQAEIDDTVGIMRDNINKVAERGERLTSIEDKADNLAVSAQGFKRGANRVRKAMWYKDLKMKMCLALVIIILLVVIIVPIAVHFSR,CLALVIIILLVVIIVPI,KMKM,AVHFS,3.629411764705882,2.4038461538461537,-0.3031911764705883,-0.25145615384615383,
RecName: Full=Syntaxin PEP12; AltName: Full=Carboxypeptidase Y-deficient protein 12; AltName: Full=Vacuolar protein sorting-associated protein 6; AltName: Full=Vacuolar protein-targeting protein 13;,P32854,269,288,19,MSEDEFFGGDNEAVWNGSRFSDSPEFQTLKEEVAAELFEINGQISTLQQFTATLKSFIDRGDVSAKVVERINKRSVAKIEEIGGLIKKVNTSVKKMDAIEEASLDKTQIIAREKLVRDVSYSFQEFQGIQRQFTQVMKQVNERAKESLEASEMANDAALLDEEQRQNSSKSTRIPGSQIVIERDPINNEEFAYQQNLIEQRDQEISNIERGITELNEVFKDLGSVVQQQGVLVDNIEANIYTTSDNTQLASDELRKAMRYQKRTSRWRVYLLIVLLVMLLFIFLIMKL,VYLLIVLLVMLLFIFLIMKL,SRWR,,3.0349999999999997,2.0833333333333335,-0.3169620000000001,-0.28303833333333334,
RecName: Full=Phosphatidylglycerol phospholipase C; EC=3.1.4.-;,Q08959,297,315,18,MVEIVGHRAFKARYPENTLLAFEKAYAAGADVIETDLQMTSDGMVVVNHDSDTGRMWDKNLVIGESTWEEVKRLRCKEDGSLAMMTLKEILTWAVCHPGAKLMLDIKFTNEKIIMIKTFVIMLEVKNDLKFWQERITWGLWLLDWYDFGIETGVLKDFKVIVISLSLDIASQFVKRSLTLNDPHYKLFGISVHFVSSWTSQFRLRLLPVLMKNDIKVYLWTVNKPIDFKYLCELPIHGAITDDPIKARKLCDGHTVAKKPTAEKKFVAPSLASVDGLRFHAFIKVYNILCTLLYSKWVHIKLCGWSIAYVIFLFLRTIHFL,WVHIKLCGWSIAYVIFLFL,LYSK,RTIHF,1.6736842105263159,1.017857142857143,-0.21053526315789473,-0.18998428571428572,
RecName: Full=Vacuolar v-SNARE NYV1; Short=R-SNARE NYV1; AltName: Full=New v-SNARE 1; AltName: Full=Synaptobrevin NYV1;,Q12255,232,252,20,MKRFNVSYVEVIKNGETISSCFQPFQKNENYGTITSANEQITPVIFHNLIMDMVLPKVVPIKGNKVTKMSMNLIDGFDCFYSTDDHDPKTVYVCFTLVDMPKILPIRILSGLQEYESNATNELLSSHVGQILDSFHEELVEYRNQTLNSSGNGQSSNGNGQNTISDIGDATEDQIKDVIQIMNDNIDKFLERQERVSLLVDKTSQLNSSSNKFRRKAVNIKEIMWWQKVKNITLLTFTIILFVSAAFMFFYLW,ITLLTFTIILFVSAAFMFFYL,KVKN,W,2.295238095238095,1.546153846153846,-0.23425904761904764,-0.21228038461538462,
RecName: Full=Protein SSO2;,P39926,270,291,21,MSNANPYENNNPYAENYEMQEDLNNAPTGHSDGSDDFVAFMNKINSINANLSRYENIINQIDAQHKDLLTQVSEEQEMELRRSLDDYISQATDLQYQLKADIKDAQRDGLHDSNKQAQAENCRQKFLKLIQDYRIIDSNYKEESKEQAKRQYTIIQPEATDEEVEAAINDVNGQQIFSQALLNANRRGEAKTALAEVQARHQELLKLEKTMAELTQLFNDMEELVIEQQENVDVIDKNVEDAQQDVEQGVGHTNKAVKSARKARKNKIRCLIICFIIFAIVVVVVVVPSVVETRK,CLIICFIIFAIVVVVVVVPSVV,NKIR,ETRK,3.3681818181818186,1.8033333333333337,-0.2714786363636365,-0.23046833333333336,
RecName: Full=Protein SSO1;,P32867,266,287,21,MSYNNPYQLETPFEESYELDEGSSAIGAEGHDFVGFMNKISQINRDLDKYDHTINQVDSLHKRLLTEVNEEQASHLRHSLDNFVAQATDLQFKLKNEIKSAQRDGIHDTNKQAQAENSRQRFLKLIQDYRIVDSNYKEENKEQAKRQYMIIQPEATEDEVEAAISDVGGQQIFSQALLNANRRGEAKTALAEVQARHQELLKLEKSMAELTQLFNDMEELVIEQQENVDVIDKNVEDAQLDVEQGVGHTDKAVKSARKARKNKIRCWLIVFAIIVVVVVVVVVPAVVKTR,CWLIVFAIIVVVVVVVVVPAVV,NKIR,KTR,3.3681818181818186,1.986206896551724,-0.3042577272727274,-0.25622413793103455,
RecName: Full=Syntaxin-8; AltName: Full=SNARE protein related to mammalian syntaxin 8; AltName: Full=ULP1-interacting protein 2;,P31377,235,255,20,MDVLKLGYELDQLSDLVEERTRLVSVLKLAPTSNDNVTLKRQLGSILELLQKCAPNDELISRYNTILDKIPDTAVDKELYRFQQQVARNTDEVSKESLKKVRFKNDDELTVMYKDDDEQDEESPLPSTHTPYKDEPLQSQLQSQSQPQPPQPMVSNQELFINQQQQLLEQDSHLGALSQSIGRTHDISLDLNNEIVSQNDSLLVDLENLIDNNGRNLNRASRSMHGFNNSRFKDNGNCVIILVLIVVLLLLLLVL,NGNCVIILVLIVVLLLLLLVL,RFKD,,3.038095238095238,2.188,-0.2552919047619048,-0.22543,
RecName: Full=t-SNARE VTI1; AltName: Full=Qb-SNARE VTI1; AltName: Full=VPS10-interacting protein 1; AltName: Full=Vesicle transport v-SNARE protein VTI1;,Q04338,195,215,20,MSSLLISYESDFKTTLEQAKASLAEAPSQPLSQRNTTLKHVEQQQDELFDLLDQMDVEVNNSIGDASERATYKAKLREWKKTIQSDIKRPLQSLVDSGDRDRLFGDLNASNIDDDQRQQLLSNHAILQKSGDRLKDASRIANETEGIGSQIMMDLRSQRETLENARQTLFQADSYVDKSIKTLKTMTRRLVANKFISYAIIAVLILLILLVLFSKFK,FISYAIIAVLILLILLVLFSK,VANK,FK,2.6714285714285717,1.9851851851851852,-0.2812952380952381,-0.25002888888888886,
RecName: Full=Protein transport protein USE1; AltName: Full=SNARE-like tail-anchored protein 1; AltName: Full=Unconventional SNARE in the endoplasmic reticulum protein 1;,P53146,219,239,20,MAETSNDPFLSYVLSSKQLTNLNRLRRKAVTKQLGSSDDNKVSEEFLRYQHTYQREAFEYLQTKHDAHKIMESQYEQYQSSSKTRRYSIDLDSVDAVDTESQTEYPNEEFIDRNEDSEAVMELRKRLLGKGQNKGLGYETTKSVDRQIEDQDTLQQDLIQDMSKLVGSLKQGAVAFQSALDEDKQVLGAAEIGIQVASQGLMDVSGKLRKYDKSKLSYLFYITVFIFMILGLVFTFIIIQLFPAL,LFYITVFIFMILGLVFTFIII,KLSY,QLFPA,2.838095238095238,2.023333333333334,-0.25856476190476196,-0.21309700000000004,
RecName: Full=Syntaxin VAM3; AltName: Full=Vacuolar morphogenesis protein 3;,Q12241,262,282,20,MSFFDIEAQSSKGNSQQEPQFSTNQKTKELSNLIETFAEQSRVLEKECTKIGSKRDSKELRYKIETELIPNCTSVRDKIESNILIHQNGKLSADFKNLKTKYQSLQQSYNQRKSLFPLKTPISPGTSKERKDIHPRTEAVRQDPESSYISIKVNEQSPLLHNEGQHQLQLQEEQEQQQQGLSQEELDFQTIIHQERSQQIGRIHTAVQEVNAIFHQLGSLVKEQGEQVTTIDENISHLHDNMQNANKQLTRADQHQRDRNKCGKVTLIIIIVVCMVVLLAVLS,CGKVTLIIIIVVCMVVLLAVL,DRNK,S,2.957142857142857,1.7653846153846156,-0.26349904761904763,-0.20037538461538462,
RecName: Full=Vacuolar protein sorting-associated protein 64; AltName: Full=Factor arrest protein 9;,Q03944,579,598,19,MVELEKRRRPPPQLQHSPYVRDQSNSQGMTKTPETSPPKRPMGRARSNSRSSGSRSNVDIDQYTIPPGLDLLPTASSPPSVHQVSQQQQLSPILANKIRSPFENQSQDQNDNSIDPTPAGQVTIPVEAVSPPALDELSKFQNGSTETLFRTGSPRKKHTHIIILKSLNATFETKFLVVPFKPDGLKLGRPVTNSVNKNNSGSKRDLFSQQVRPDNGNFDSRVLSRNHACLSCDPTSGKIYIRDLKSSNGTFVNGVKIRQNDVELKVGDTVDLGTDIDSKFEHRKISAYVEEISVIPLMNTVSDPTNLVMKKQDHTNKNNGNSTNINGIKIDRGHHNQHIPIRSHLKENYTEAGVTSATTAQRAAFEAAMFGDINNSELDDDILGPETEVLSGIFINNSAGTSINLINMIKTLTTELSLEKQELEKLHSMQNFMQNYTINLDFINKHMIDMNEKHLLKLSTALQKTLSENNDALLKESEDQLKEIKQQNNKVKSACSLKEKQNHEKLQELESELRELNLQIEEERGKNLVLTQSNFNGGINNDNNAKVKQNDSREEKKDTEDTLISTEELGVVEGKRTRVSKGMLFGVVAISFGLVATAVKQLPQ,VSKGMLFGVVAISFGLVATA,KRTR,VKQLP,1.7199999999999995,0.6827586206896554,-0.13051200000000002,-0.12117896551724139,
RecName: Full=Syntaxin UFE1;,P41834,325,342,17,MMSDLTPIFRKYVAVIDDARNEQNGIDDHVERKQEDFGNSNETCEMFRDSFIKECARLLKFLVELNKVIKQIEKNYLDDFNMSDAEKDEFDMECRLQIQQYFKKFEFLENYEMERHNLSLKRFQSKSHRWSKILSNKNDNTKHVIHPQDIENGVYEFRLGVLRCLNLWIKYVSSKFTTIQQERLILENKMNFNSTPMPTLSNNADDFSADAIDISVSQSAPVETVQDEVKHYEETISKLTQEQLQVLETEHSELLNQKNEQLKKVETINKTILDIVNIQNELSNHLTVQSQNINLMLNNQDDIELNIKKGNKELRKAKRAAGRTAKMTTYGAIIMGVFILFLDYVG,AKMTTYGAIIMGVFILFL,AGRT,DYVG,1.7166666666666666,1.0038461538461538,-0.1765644444444444,-0.11950038461538462,
RecName: Full=Protein YSY6;,P38374,45,65,20,MAVQTPRQRLANAKFNKNNEKYRKYGKKKEGKTEKTAPVISKTWLGILLFLLVGGGVLQLISYIL,LGILLFLLVGGGVLQLISYIL,SKTW,,2.2809523809523813,1.6640000000000001,-0.16607047619047619,-0.1471676,
RecName: Full=t-SNARE affecting a late Golgi compartment protein 2; AltName: Full=Syntaxin TLG2;,Q08144,318,338,20,MFRDRTNLFLSYRRTFPHNITFSSGKAPLGDDQDIEMGTYPMMNMSHDISARLTDERKNKHENHSDALPPIFIDIAQDVDDYLLEVRRLSEQLAKVYRKNSLPGFEDKSHDEALIEDLSFKVIQMLQKCYAVMKRLKTIYNSQFVDGKQLSREELIILDNLQKIYAEKIQTESNKFRVLQNNYLKFLNKDDLKPIRNKASAENTLLLDDEEEEAAREKREGLDIEDYSKRTLQRQQQLHDTSAEAYLRERDEEITQLARGVLEVSTIFREMQDLVVDQGTIVDRIDYNLENTVVELKSADKELNKATHYQKRTQKCKVILLLTLCVIALFFFVMLKPHGGGSGGRNNGSNKYNNDDNKTVNNSHDDGSNTHINDEESNLPSIVEVTESENDALDDLL,VILLLTLCVIALFFFVMLKPH,QKCK,GGGSG,2.3619047619047615,1.28,-0.2261909523809524,-0.10924066666666664,
RecName: Full=t-SNARE affecting a late Golgi compartment protein 1; AltName: Full=Syntaxin TLG1;,Q03322,204,224,20,MNNSEDPFQQVVKDTKEQLNRINNYITRHNTAGDDDQEEEIQDILKDVEETIVDLDRSIIVMKRDENEDVSGREAQVKNIKQQLDALKLRFDRRIQESTQTTIPLEETVENSTLNTSMAENNDGGMSNPFQEQMLREQDVHLDGIHKTMQNLHIQAQTMGDELENQGQLLDNMDEGMDGVVNKLARGRRQLEWVYEKNKEKYDDCCIGLLIVVLIVLLVLAFIA,DCCIGLLIVVLIVLLVLAFIA,EKYD,,3.0999999999999996,2.116,-0.25615952380952384,-0.22656039999999997,
